rs312262906_A	chr16	89919342	F	CA
rs11547464_A	chr16	89919683	F	A
rs885479_T	chr16	89919746	R	T
rs1805008_T	chr16	89919736	F	T
rs1805005_T	chr16	89919436	F	T
rs1805006_A	chr16	89919510	F	A
rs1805007_T	chr16	89919709	F	T
rs1805009_C	chr16	89920138	F	C
rs201326893_A	chr16	89919714	F	A
rs2228479_A	chr16	89919532	F	A
rs1110400_C	chr16	89919722	F	C
rs28777_C	chr5	33958854	F	C
rs16891982_C	chr5	33951588	F	C
rs12821256_G	chr12	88934558	R	G
rs4959270_A	chr6	457748	F	A
rs12203592_T	chr6	396321	F	T
rs1042602_T	chr11	89178528	R	T
rs1800407_A	chr15	27985172	R	A
rs2402130_G	chr14	92334859	F	G
rs12913832_T	chr15	28120472	R	T
rs2378249_C	chr20	34630286	R	C
rs12896399_T	chr14	92307319	F	T
rs1393350_T	chr11	89277878	R	T
rs683_G	chr9	12709305	R	G
rs1426654_G	chr15	48134287	F	G
rs3114908_T	chr16	89317317	F	T
rs6119471_C	chr20	34197406	R	C
rs10756819_G	chr9	16858086	F	G
rs8051733_C	chr16	89957798	R	C
rs2238289_C	chr15	28208069	R	C
rs6497292_C	chr15	28251049	R	C
rs1129038_G	chr15	28111713	R	G
rs1667394_C	chr15	28285036	F	C
rs1800414_C	chr15	27951891	F	C
rs1470608_A	chr15	28042975	R	A
rs1545397_T	chr15	27942626	F	T
rs12441727_A	chr15	28026629	F	A
rs6059655_T	chr20	34077942	R	T
rs17128291_C	chr14	92416482	R	C
rs3212355_A	chr16	89917970	R	A
rs1126809_A	chr11	89284793	F	A
