rs312262906_A	16	89985750	F	CA
rs11547464_A	16	89986091	F	A
rs885479_T	16	89986154	R	T
rs1805008_T	16	89986144	F	T
rs1805005_T	16	89985844	F	T
rs1805006_A	16	89985918	F	A
rs1805007_T	16	89986117	F	T
rs1805009_C	16	89986546	F	C
rs201326893_A	16	89986122	F	A
rs2228479_A	16	89985940	F	A
rs1110400_C	16	89986130	F	C
rs28777_C	5	33958959	F	C
rs16891982_C	5	33951693	F	C
rs12821256_G	12	89328335	R	G
rs4959270_A	6	457748	F	A
rs12203592_T	6	396321	F	T
rs1042602_T	11	88911696	R	T
rs1800407_A	15	28230318	R	A
rs2402130_G	14	92801203	F	G
rs12913832_T	15	28365618	R	T
rs2378249_C	20	33218090	R	C
rs12896399_T	14	92773663	F	T
rs1393350_T	11	89011046	R	T
rs683_G	9	12709305	R	G
rs1426654_G	15	48426484	F	G
rs3114908_T	16	89383725	F	T
rs6119471_C	20	32785212	R	C
rs10756819_G	9	16858084	F	G
rs8051733_C	16	90024206	R	C
rs2238289_C	15	28453215	R	C
rs6497292_C	15	28496195	R	C
rs1129038_G	15	28356859	R	G
rs1667394_C	15	28530182	F	C
rs1800414_C	15	28197037	F	C
rs1470608_A	15	28288121	R	A
rs1545397_T	15	28187772	F	T
rs12441727_A	15	28271775	F	A
rs6059655_T	20	32665748	R	T
rs17128291_C	14	92882826	R	C
rs3212355_A	16	89984378	R	A
rs1126809_A	11	89017961	F	A
