rs312262906_A	chr16	89985750	F	CA
rs11547464_A	chr16	89986091	F	A
rs885479_T	chr16	89986154	R	T
rs1805008_T	chr16	89986144	F	T
rs1805005_T	chr16	89985844	F	T
rs1805006_A	chr16	89985918	F	A
rs1805007_T	chr16	89986117	F	T
rs1805009_C	chr16	89986546	F	C
rs201326893_A	chr16	89986122	F	A
rs2228479_A	chr16	89985940	F	A
rs1110400_C	chr16	89986130	F	C
rs28777_C	chr5	33958959	F	C
rs16891982_C	chr5	33951693	F	C
rs12821256_G	chr12	89328335	R	G
rs4959270_A	chr6	457748	F	A
rs12203592_T	chr6	396321	F	T
rs1042602_T	chr11	88911696	R	T
rs1800407_A	chr15	28230318	R	A
rs2402130_G	chr14	92801203	F	G
rs12913832_T	chr15	28365618	R	T
rs2378249_C	chr20	33218090	R	C
rs12896399_T	chr14	92773663	F	T
rs1393350_T	chr11	89011046	R	T
rs683_G	chr9	12709305	R	G
rs1426654_G	chr15	48426484	F	G
rs3114908_T	chr16	89383725	F	T
rs6119471_C	chr20	32785212	R	C
rs10756819_G	chr9	16858084	F	G
rs8051733_C	chr16	90024206	R	C
rs2238289_C	chr15	28453215	R	C
rs6497292_C	chr15	28496195	R	C
rs1129038_G	chr15	28356859	R	G
rs1667394_C	chr15	28530182	F	C
rs1800414_C	chr15	28197037	F	C
rs1470608_A	chr15	28288121	R	A
rs1545397_T	chr15	28187772	F	T
rs12441727_A	chr15	28271775	F	A
rs6059655_T	chr20	32665748	R	T
rs17128291_C	chr14	92882826	R	C
rs3212355_A	chr16	89984378	R	A
rs1126809_A	chr11	89017961	F	A
